<?xml version="1.0" encoding="UTF-8"?>
<jcr:root xmlns:cq="http://www.day.com/jcr/cq/1.0" xmlns:jcr="http://www.jcp.org/jcr/1.0"
          jcr:primaryType="cq:Dialog"
          xtype="dialog"
          width="{Long}700"
          height="{Long}600">
    <items jcr:primaryType="cq:TabPanel"
           xtype="tabpanel">
        <items jcr:primaryType="cq:WidgetCollection">
            <tab
                    jcr:primaryType="cq:Widget"
                    title="Image Tab"
                    bodyBorder="false"
                    xtype="panel">
                <items jcr:primaryType="cq:WidgetCollection">
                    <title
                            jcr:primaryType="nt:unstructured"
                            fieldLabel="Title"
                            name="./titleMy"
                            xtype="textfield"/>

                    <selection jcr:primaryType="nt:unstructured"
                           fieldLabel="Select the tag"
                           name="./displayType"
                           type="select"
                           xtype="selection">
                        <options jcr:primaryType="cq:WidgetCollection">
                            <option1
                                    jcr:primaryType="nt:unstructured"
                                    text="h1"
                                    value="h1"/>
                            <option2
                                    jcr:primaryType="nt:unstructured"
                                    text="h2"
                                    value="h2"/>
                            <option3
                                    jcr:primaryType="nt:unstructured"
                                    text="h3"
                                    value="h3"/>
                            <option4
                                    jcr:primaryType="nt:unstructured"
                                    text="h4"
                                    value="h4"/>
                            <option5
                                    jcr:primaryType="nt:unstructured"
                                    text="h5"
                                    value="h5"/>
                            <option6
                                    jcr:primaryType="nt:unstructured"
                                    text="h6"
                                    value="h6"/>
                         </options>
                    </selection>
                    <text
                            jcr:primaryType="cq:Widget"
                            fieldLabel="Description"
                            name="./text"
                            xtype="richtext">
                        <rtePlugins jcr:primaryType="nt:unstructured">
                            <edit
                                    jcr:primaryType="nt:unstructured"
                                    defaultPasteMode="plaintext"
                                    features="[cut,copy,paste-plaintext]"
                                    stripHtmlTags="{Boolean}true"/>
                            <links jcr:primaryType="nt:unstructured">
                                <linkDialogConfig
                                        jcr:primaryType="nt:unstructured"
                                        height="{Long}316">
                                    <linkAttributes jcr:primaryType="cq:WidgetCollection">
                                        <linkAdvanced
                                                jcr:primaryType="cq:Widget"
                                                collapsed="{Boolean}true"
                                                collapsible="{Boolean}true"
                                                inputValue="advanced"
                                                name="./linkdialog/cq:adhocLinkTrackingTab"
                                                title="Link tracking"
                                                xtype="dialogfieldset">
                                            <items jcr:primaryType="cq:WidgetCollection">
                                                <enable
                                                        jcr:primaryType="nt:unstructured"
                                                        attribute="enabletracking"
                                                        fieldDescription="override analytics framework settings"
                                                        fieldLabel="Custom link tracking"
                                                        name="./linkdialog/cq:adhocLinkTrackingEnableTracking"
                                                        xtype="checkbox">
                                                    <listeners
                                                            jcr:primaryType="nt:unstructured"
                                                            check="function(component){var dlg=component.findParentByType('rtelinkdialog');dlg.enableSCFields(component.checked);}"/>
                                                </enable>
                                                <events
                                                        jcr:primaryType="nt:unstructured"
                                                        attribute="adhocevents"
                                                        fieldDescription="e.g.: event2, event7"
                                                        fieldLabel="Include SiteCatalyst events"
                                                        name="./linkdialog/cq:adhocLinkTrackingEvents"
                                                        xtype="textfield"/>
                                                <evars
                                                        jcr:primaryType="nt:unstructured"
                                                        attribute="adhocevars"
                                                        fieldDescription="e.g.: eVar1: pagedata.url, prop4: 'const'"
                                                        fieldLabel="Include SiteCatalyst variables"
                                                        name="./linkdialog/cq:adhocLinkTrackingEvars"
                                                        xtype="textfield"/>
                                            </items>
                                        </linkAdvanced>
                                    </linkAttributes>
                                </linkDialogConfig>
                            </links>
                        </rtePlugins>
                    </text>
                </items>

                <!--<items jcr:primaryType="cq:WidgetCollection">
                <firstimage
                        jcr:primaryType="cq:Widget"
                        fieldLabel="Image field"
                        fileNameParameter="./firstimage/fileName"
                        fileReferenceParameter="./firstimage/fileReference"
                        height="{Long}200"
                        name="./firstimage/file"
                        title="First Image"
                        width="{Long}200"
                        xtype="html5smartimage"/>
                </items>-->


            </tab>

        </items>


    </items>
</jcr:root>
