<?xml version="1.0" encoding="UTF-8"?>
<jcr:root xmlns:cq="http://www.day.com/jcr/cq/1.0" xmlns:jcr="http://www.jcp.org/jcr/1.0"
          jcr:primaryType="cq:Dialog"
          xtype="dialog"
          width="{Long}700"
          height="{Long}600">
    <items jcr:primaryType="cq:TabPanel"
           xtype="tabpanel">
        <items jcr:primaryType="cq:WidgetCollection">
            <tab
                    jcr:primaryType="cq:Widget"
                    title="Image Tab"
                    bodyBorder="false"
                    xtype="panel">
                <items jcr:primaryType="cq:WidgetCollection">
                    <title
                            jcr:primaryType="nt:unstructured"
                            fieldLabel="Title"
                            name="./titleMy"
                            xtype="textfield"/>

                    <selection jcr:primaryType="cq:Widget"
                           fieldLabel="Select the tag"
                           selName="./displayType"
                           type="select"
                           xtype="selection">
                        <options jcr:primaryType="cq:WidgetCollection">
                            <option1
                                    jcr:primaryType="nt:unstructured"
                                    text="h1"
                                    value="h1"/>
                            <option2
                                    jcr:primaryType="nt:unstructured"
                                    text="h2"
                                    value="h2"/>
                            <option3
                                    jcr:primaryType="nt:unstructured"
                                    text="h3"
                                    value="h3"/>
                            <option4
                                    jcr:primaryType="nt:unstructured"
                                    text="h4"
                                    value="h4"/>
                            <option5
                                    jcr:primaryType="nt:unstructured"
                                    text="h5"
                                    value="h5"/>
                            <option6
                                    jcr:primaryType="nt:unstructured"
                                    text="h6"
                                    value="h6"/>
                         </options>
                    </selection>
                </items>
                <!--<items jcr:primaryType="cq:WidgetCollection">
                <firstimage
                        jcr:primaryType="cq:Widget"
                        fieldLabel="Image field"
                        fileNameParameter="./firstimage/fileName"
                        fileReferenceParameter="./firstimage/fileReference"
                        height="{Long}200"
                        name="./firstimage/file"
                        title="First Image"
                        width="{Long}200"
                        xtype="html5smartimage"/>
                </items>-->
            </tab>

        </items>
    </items>
</jcr:root>
