<?xml version="1.0" encoding="UTF-8"?>
<jcr:root xmlns:cq="http://www.day.com/jcr/cq/1.0" xmlns:jcr="http://www.jcp.org/jcr/1.0"
          jcr:primaryType="cq:Dialog"
          xtype="dialog"
          width="{Long}700"
          height="{Long}600">
    <items jcr:primaryType="cq:TabPanel"
           xtype="tabpanel">
        <items jcr:primaryType="cq:WidgetCollection">
            <tab
                    jcr:primaryType="cq:Widget"
                    title="Image Tab"
                    bodyBorder="false"
                    xtype="panel">
                <!--<items jcr:primaryType="cq:WidgetCollection">
                    <message
                            jcr:primaryType="nt:unstructured"
                            fieldLabel="Image to show"
                            name="./message"
                            xtype="pathfield"/>
                </items>-->
                <items jcr:primaryType="cq:WidgetCollection">
                <firstimage
                        jcr:primaryType="cq:Widget"
                        fieldLabel="Image field"
                        fileNameParameter="./firstimage/fileName"
                        fileReferenceParameter="./firstimage/fileReference"
                        height="{Long}200"
                        name="./firstimage/file"
                        title="First Image"
                        width="{Long}200"
                        xtype="html5smartimage"/>
                </items>
            </tab>
        </items>
    </items>
</jcr:root>
