<?xml version="1.0" encoding="UTF-8"?>
<jcr:root xmlns:cq="http://www.day.com/jcr/cq/1.0" xmlns:jcr="http://www.jcp.org/jcr/1.0"
          jcr:primaryType="cq:Dialog"
          xtype="dialog"
          width="{Long}800"
          height="{Long}500">
    <items jcr:primaryType="cq:TabPanel"
           xtype="tabpanel">
        <items jcr:primaryType="cq:WidgetCollection">

                <selection jcr:primaryType="cq:Widget"
                           fieldLabel="Select the tag"
                           name="./selection"
                           type="select"
                           xtype="selection">
                    <options jcr:primaryType="cq:WidgetCollection">
                        <option1
                                jcr:primaryType="nt:unstructured"
                                text="h1"
                                value="h1"/>
                        <option2
                                jcr:primaryType="nt:unstructured"
                                text="h2"
                                value="h2"/>
                        <option3
                                jcr:primaryType="nt:unstructured"
                                text="h3"
                                value="h3"/>
                        <option4
                                jcr:primaryType="nt:unstructured"
                                text="h4"
                                value="h4"/>
                        <option5
                                jcr:primaryType="nt:unstructured"
                                text="h5"
                                value="h5"/>
                        <option6
                                jcr:primaryType="nt:unstructured"
                                text="h6"
                                value="h6"/>
                    </options>
                </selection>

        </items>
    </items>
</jcr:root>
